2theta_deg,relative_intensity_au,sample
16.47058824,83.33333333,ATM Mortar
16.64705882,83.33333333,ATM Mortar
16.82352941,47.91666667,ATM Mortar
17,83.33333333,ATM Mortar
17.17647059,85.41666667,ATM Mortar
17.35294118,125,ATM Mortar
17.52941176,166.6666667,ATM Mortar
17.70588235,83.33333333,ATM Mortar
17.88235294,118.75,ATM Mortar
18.05882353,83.33333333,ATM Mortar
18.23529412,83.33333333,ATM Mortar
18.41176471,83.33333333,ATM Mortar
18.58823529,125,ATM Mortar
18.76470588,83.33333333,ATM Mortar
18.94117647,83.33333333,ATM Mortar
19.11764706,104.1666667,ATM Mortar
19.29411765,125,ATM Mortar
19.47058824,83.33333333,ATM Mortar
19.64705882,83.33333333,ATM Mortar
19.82352941,41.66666667,ATM Mortar
20,83.33333333,ATM Mortar
20.17647059,83.33333333,ATM Mortar
20.35294118,83.33333333,ATM Mortar
20.52941176,62.5,ATM Mortar
20.70588235,83.33333333,ATM Mortar
20.88235294,83.33333333,ATM Mortar
21.05882353,83.33333333,ATM Mortar
21.23529412,125,ATM Mortar
21.41176471,125,ATM Mortar
21.58823529,41.66666667,ATM Mortar
21.76470588,41.66666667,ATM Mortar
21.94117647,41.66666667,ATM Mortar
22.11764706,62.5,ATM Mortar
22.29411765,62.5,ATM Mortar
22.47058824,62.5,ATM Mortar
22.64705882,83.33333333,ATM Mortar
22.82352941,83.33333333,ATM Mortar
23,41.66666667,ATM Mortar
23.17647059,41.66666667,ATM Mortar
23.35294118,41.66666667,ATM Mortar
23.52941176,83.33333333,ATM Mortar
23.70588235,125,ATM Mortar
23.88235294,250,ATM Mortar
24.05882353,83.33333333,ATM Mortar
24.23529412,41.66666667,ATM Mortar
24.41176471,41.66666667,ATM Mortar
24.58823529,0,ATM Mortar
24.76470588,0,ATM Mortar
24.94117647,41.66666667,ATM Mortar
25.11764706,41.66666667,ATM Mortar
25.29411765,0,ATM Mortar
25.47058824,0,ATM Mortar
25.64705882,62.5,ATM Mortar
25.82352941,104.1666667,ATM Mortar
26,62.5,ATM Mortar
26.17647059,104.1666667,ATM Mortar
26.35294118,166.6666667,ATM Mortar
26.52941176,458.3333333,ATM Mortar
26.70588235,1000,ATM Mortar
26.88235294,416.6666667,ATM Mortar
27.05882353,208.3333333,ATM Mortar
27.23529412,125,ATM Mortar
27.41176471,83.33333333,ATM Mortar
27.58823529,83.33333333,ATM Mortar
27.76470588,83.33333333,ATM Mortar
27.94117647,83.33333333,ATM Mortar
28.11764706,41.66666667,ATM Mortar
28.29411765,0,ATM Mortar
28.47058824,20.83333333,ATM Mortar
28.64705882,83.33333333,ATM Mortar
28.82352941,83.33333333,ATM Mortar
29,41.66666667,ATM Mortar
29.17647059,41.66666667,ATM Mortar
29.35294118,125,ATM Mortar
29.52941176,208.3333333,ATM Mortar
29.70588235,333.3333333,ATM Mortar
29.88235294,125,ATM Mortar
30.05882353,83.33333333,ATM Mortar
30.23529412,41.66666667,ATM Mortar
30.41176471,41.66666667,ATM Mortar
30.58823529,0,ATM Mortar
30.76470588,41.66666667,ATM Mortar
30.94117647,41.66666667,ATM Mortar
31.11764706,0,ATM Mortar
31.29411765,0,ATM Mortar
31.47058824,83.33333333,ATM Mortar
31.64705882,83.33333333,ATM Mortar
31.82352941,41.66666667,ATM Mortar
32,20.83333333,ATM Mortar
32.17647059,41.66666667,ATM Mortar
32.35294118,41.66666667,ATM Mortar
32.52941176,83.33333333,ATM Mortar
32.70588235,41.66666667,ATM Mortar
32.88235294,41.66666667,ATM Mortar
33.05882353,125,ATM Mortar
33.23529412,166.6666667,ATM Mortar
33.41176471,83.33333333,ATM Mortar
33.58823529,83.33333333,ATM Mortar
33.76470588,125,ATM Mortar
33.94117647,375,ATM Mortar
34.11764706,187.5,ATM Mortar
34.29411765,62.5,ATM Mortar
34.47058824,20.83333333,ATM Mortar
34.64705882,20.83333333,ATM Mortar
34.82352941,20.83333333,ATM Mortar
35,20.83333333,ATM Mortar
35.17647059,20.83333333,ATM Mortar
35.35294118,41.66666667,ATM Mortar
35.52941176,41.66666667,ATM Mortar
35.70588235,41.66666667,ATM Mortar
35.88235294,41.66666667,ATM Mortar
36.05882353,62.5,ATM Mortar
36.23529412,83.33333333,ATM Mortar
36.41176471,83.33333333,ATM Mortar
36.58823529,41.66666667,ATM Mortar
36.76470588,41.66666667,ATM Mortar
36.94117647,83.33333333,ATM Mortar
37.11764706,83.33333333,ATM Mortar
37.29411765,125,ATM Mortar
37.47058824,333.3333333,ATM Mortar
37.64705882,166.6666667,ATM Mortar
37.82352941,83.33333333,ATM Mortar
38,41.66666667,ATM Mortar
38.17647059,0,ATM Mortar
38.35294118,41.66666667,ATM Mortar
38.52941176,41.66666667,ATM Mortar
38.70588235,0,ATM Mortar
38.88235294,0,ATM Mortar
39.05882353,0,ATM Mortar
39.23529412,0,ATM Mortar
39.41176471,0,ATM Mortar
39.58823529,0,ATM Mortar
39.76470588,0,ATM Mortar
39.94117647,0,ATM Mortar
40.11764706,20.83333333,ATM Mortar
40.29411765,41.66666667,ATM Mortar
40.47058824,41.66666667,ATM Mortar
40.64705882,0,ATM Mortar
40.82352941,41.66666667,ATM Mortar
41,41.66666667,ATM Mortar
41.17647059,41.66666667,ATM Mortar
41.35294118,41.66666667,ATM Mortar
41.52941176,41.66666667,ATM Mortar
41.70588235,41.66666667,ATM Mortar
41.88235294,41.66666667,ATM Mortar
42.05882353,83.33333333,ATM Mortar
42.23529412,208.3333333,ATM Mortar
42.41176471,83.33333333,ATM Mortar
42.58823529,41.66666667,ATM Mortar
42.76470588,0,ATM Mortar
42.94117647,0,ATM Mortar
43.11764706,0,ATM Mortar
43.29411765,0,ATM Mortar
43.47058824,0,ATM Mortar
43.64705882,0,ATM Mortar
43.82352941,0,ATM Mortar
44,0,ATM Mortar
44.17647059,0,ATM Mortar
44.35294118,20.83333333,ATM Mortar
44.52941176,41.66666667,ATM Mortar
44.70588235,41.66666667,ATM Mortar
44.88235294,41.66666667,ATM Mortar
45.05882353,41.66666667,ATM Mortar
45.23529412,41.66666667,ATM Mortar
45.41176471,41.66666667,ATM Mortar
45.58823529,83.33333333,ATM Mortar
45.76470588,125,ATM Mortar
45.94117647,291.6666667,ATM Mortar
46.11764706,166.6666667,ATM Mortar
46.29411765,83.33333333,ATM Mortar
46.47058824,41.66666667,ATM Mortar
46.64705882,41.66666667,ATM Mortar
46.82352941,0,ATM Mortar
47,0,ATM Mortar
47.17647059,0,ATM Mortar
47.35294118,41.66666667,ATM Mortar
47.52941176,41.66666667,ATM Mortar
47.70588235,0,ATM Mortar
47.88235294,0,ATM Mortar
48.05882353,0,ATM Mortar
48.23529412,0,ATM Mortar
48.41176471,41.66666667,ATM Mortar
48.58823529,0,ATM Mortar
48.76470588,0,ATM Mortar
48.94117647,0,ATM Mortar
49.11764706,41.66666667,ATM Mortar
49.29411765,41.66666667,ATM Mortar
49.47058824,83.33333333,ATM Mortar
49.64705882,208.3333333,ATM Mortar
49.82352941,125,ATM Mortar
50,41.66666667,ATM Mortar
50.17647059,0,ATM Mortar
50.35294118,0,ATM Mortar
50.52941176,41.66666667,ATM Mortar
50.70588235,83.33333333,ATM Mortar
50.88235294,0,ATM Mortar
51.05882353,0,ATM Mortar
51.23529412,0,ATM Mortar
51.41176471,0,ATM Mortar
51.58823529,20.83333333,ATM Mortar
51.76470588,41.66666667,ATM Mortar
51.94117647,41.66666667,ATM Mortar
52.11764706,125,ATM Mortar
52.29411765,83.33333333,ATM Mortar
52.47058824,41.66666667,ATM Mortar
52.64705882,41.66666667,ATM Mortar
52.82352941,0,ATM Mortar
53,41.66666667,ATM Mortar
53.17647059,41.66666667,ATM Mortar
53.35294118,41.66666667,ATM Mortar
53.52941176,41.66666667,ATM Mortar
53.70588235,41.66666667,ATM Mortar
53.88235294,41.66666667,ATM Mortar
54.05882353,41.66666667,ATM Mortar
54.23529412,0,ATM Mortar
54.41176471,0,ATM Mortar
54.58823529,0,ATM Mortar
54.76470588,41.66666667,ATM Mortar
54.94117647,41.66666667,ATM Mortar
55.11764706,41.66666667,ATM Mortar
55.29411765,0,ATM Mortar
55.47058824,0,ATM Mortar
55.64705882,0,ATM Mortar
55.82352941,0,ATM Mortar
56,41.66666667,ATM Mortar
56.17647059,0,ATM Mortar
56.35294118,0,ATM Mortar
56.52941176,0,ATM Mortar
56.70588235,0,ATM Mortar
56.88235294,0,ATM Mortar
57.05882353,0,ATM Mortar
57.23529412,41.66666667,ATM Mortar
57.41176471,83.33333333,ATM Mortar
57.58823529,83.33333333,ATM Mortar
57.76470588,41.66666667,ATM Mortar
57.94117647,0,ATM Mortar
58.11764706,0,ATM Mortar
58.29411765,20.83333333,ATM Mortar
58.47058824,41.66666667,ATM Mortar
58.64705882,41.66666667,ATM Mortar
58.82352941,41.66666667,ATM Mortar
59,41.66666667,ATM Mortar
59.17647059,41.66666667,ATM Mortar
59.35294118,41.66666667,ATM Mortar
59.52941176,0,ATM Mortar
59.70588235,41.66666667,ATM Mortar
59.88235294,41.66666667,ATM Mortar
60.05882353,83.33333333,ATM Mortar
60.23529412,187.5,ATM Mortar
60.41176471,208.3333333,ATM Mortar
60.58823529,125,ATM Mortar
60.76470588,83.33333333,ATM Mortar
60.94117647,41.66666667,ATM Mortar
61.11764706,41.66666667,ATM Mortar
61.29411765,41.66666667,ATM Mortar
61.47058824,41.66666667,ATM Mortar
61.64705882,41.66666667,ATM Mortar
61.82352941,41.66666667,ATM Mortar
62,41.66666667,ATM Mortar
62.17647059,41.66666667,ATM Mortar
62.35294118,41.66666667,ATM Mortar
62.52941176,41.66666667,ATM Mortar
62.70588235,0,ATM Mortar
62.88235294,0,ATM Mortar
63.05882353,20.83333333,ATM Mortar
63.23529412,41.66666667,ATM Mortar
63.41176471,83.33333333,ATM Mortar
63.58823529,83.33333333,ATM Mortar
63.76470588,83.33333333,ATM Mortar
63.94117647,83.33333333,ATM Mortar
64.11764706,41.66666667,ATM Mortar
64.29411765,41.66666667,ATM Mortar
64.47058824,41.66666667,ATM Mortar
64.64705882,41.66666667,ATM Mortar
64.82352941,41.66666667,ATM Mortar
65,41.66666667,ATM Mortar
65.17647059,41.66666667,ATM Mortar
65.35294118,41.66666667,ATM Mortar
65.52941176,0,ATM Mortar
65.70588235,0,ATM Mortar
65.88235294,0,ATM Mortar
66.05882353,0,ATM Mortar
66.23529412,0,ATM Mortar
66.41176471,0,ATM Mortar
66.58823529,0,ATM Mortar
66.76470588,0,ATM Mortar
66.94117647,0,ATM Mortar
67.11764706,0,ATM Mortar
67.29411765,20.83333333,ATM Mortar
67.47058824,41.66666667,ATM Mortar
67.64705882,41.66666667,ATM Mortar
67.82352941,41.66666667,ATM Mortar
68,41.66666667,ATM Mortar
68.17647059,41.66666667,ATM Mortar
68.35294118,41.66666667,ATM Mortar
68.52941176,41.66666667,ATM Mortar
68.70588235,41.66666667,ATM Mortar
68.88235294,41.66666667,ATM Mortar
69.05882353,41.66666667,ATM Mortar
69.23529412,41.66666667,ATM Mortar
69.41176471,41.66666667,ATM Mortar
69.58823529,41.66666667,ATM Mortar
69.76470588,0,ATM Mortar
69.94117647,0,ATM Mortar
70.11764706,0,ATM Mortar
70.29411765,41.66666667,ATM Mortar
70.47058824,41.66666667,ATM Mortar
70.64705882,41.66666667,ATM Mortar
70.82352941,0,ATM Mortar
71,0,ATM Mortar
71.17647059,41.66666667,ATM Mortar
71.35294118,0,ATM Mortar
71.52941176,0,ATM Mortar
71.70588235,0,ATM Mortar
71.88235294,0,ATM Mortar
72.05882353,0,ATM Mortar
72.23529412,0,ATM Mortar
72.41176471,0,ATM Mortar
72.58823529,0,ATM Mortar
72.76470588,0,ATM Mortar
72.94117647,0,ATM Mortar
73.11764706,0,ATM Mortar
73.29411765,0,ATM Mortar
73.47058824,0,ATM Mortar
73.64705882,0,ATM Mortar
73.82352941,0,ATM Mortar
74,20.83333333,ATM Mortar
74.17647059,41.66666667,ATM Mortar
74.35294118,41.66666667,ATM Mortar
74.52941176,41.66666667,ATM Mortar
74.70588235,41.66666667,ATM Mortar
74.88235294,0,ATM Mortar
75.05882353,41.66666667,ATM Mortar
75.23529412,41.66666667,ATM Mortar
75.41176471,41.66666667,ATM Mortar
75.58823529,41.66666667,ATM Mortar
75.76470588,41.66666667,ATM Mortar
75.94117647,41.66666667,ATM Mortar
76.11764706,41.66666667,ATM Mortar
76.29411765,41.66666667,ATM Mortar
76.47058824,41.66666667,ATM Mortar
76.64705882,0,ATM Mortar
76.82352941,0,ATM Mortar
77,41.66666667,ATM Mortar
77.17647059,41.66666667,ATM Mortar
77.35294118,0,ATM Mortar
77.52941176,0,ATM Mortar
77.70588235,0,ATM Mortar
77.88235294,0,ATM Mortar
78.05882353,0,ATM Mortar
78.23529412,0,ATM Mortar
78.41176471,0,ATM Mortar
78.58823529,0,ATM Mortar
78.76470588,0,ATM Mortar
78.94117647,0,ATM Mortar
79.11764706,0,ATM Mortar
79.29411765,41.66666667,ATM Mortar
79.47058824,41.66666667,ATM Mortar
79.64705882,0,ATM Mortar
79.82352941,0,ATM Mortar
80,0,ATM Mortar
80.17647059,0,ATM Mortar
80.35294118,41.66666667,ATM Mortar
80.52941176,41.66666667,ATM Mortar
80.70588235,0,ATM Mortar
16.47058824,125,Granite Waste
16.64705882,187.5,Granite Waste
16.82352941,62.5,Granite Waste
17,62.5,Granite Waste
17.17647059,62.5,Granite Waste
17.35294118,125,Granite Waste
17.52941176,125,Granite Waste
17.70588235,125,Granite Waste
17.88235294,125,Granite Waste
18.05882353,112.5,Granite Waste
18.23529412,125,Granite Waste
18.41176471,125,Granite Waste
18.58823529,125,Granite Waste
18.76470588,62.5,Granite Waste
18.94117647,62.5,Granite Waste
19.11764706,62.5,Granite Waste
19.29411765,125,Granite Waste
19.47058824,93.75,Granite Waste
19.64705882,125,Granite Waste
19.82352941,125,Granite Waste
20,125,Granite Waste
20.17647059,125,Granite Waste
20.35294118,156.25,Granite Waste
20.52941176,125,Granite Waste
20.70588235,125,Granite Waste
20.88235294,125,Granite Waste
21.05882353,125,Granite Waste
21.23529412,125,Granite Waste
21.41176471,187.5,Granite Waste
21.58823529,187.5,Granite Waste
21.76470588,125,Granite Waste
21.94117647,62.5,Granite Waste
22.11764706,62.5,Granite Waste
22.29411765,62.5,Granite Waste
22.47058824,93.75,Granite Waste
22.64705882,125,Granite Waste
22.82352941,62.5,Granite Waste
23,62.5,Granite Waste
23.17647059,62.5,Granite Waste
23.35294118,62.5,Granite Waste
23.52941176,125,Granite Waste
23.70588235,62.5,Granite Waste
23.88235294,62.5,Granite Waste
24.05882353,62.5,Granite Waste
24.23529412,62.5,Granite Waste
24.41176471,125,Granite Waste
24.58823529,187.5,Granite Waste
24.76470588,62.5,Granite Waste
24.94117647,0,Granite Waste
25.11764706,31.25,Granite Waste
25.29411765,62.5,Granite Waste
25.47058824,62.5,Granite Waste
25.64705882,125,Granite Waste
25.82352941,125,Granite Waste
26,125,Granite Waste
26.17647059,125,Granite Waste
26.35294118,250,Granite Waste
26.52941176,750,Granite Waste
26.70588235,1000,Granite Waste
26.88235294,312.5,Granite Waste
27.05882353,218.75,Granite Waste
27.23529412,156.25,Granite Waste
27.41176471,125,Granite Waste
27.58823529,62.5,Granite Waste
27.76470588,62.5,Granite Waste
27.94117647,62.5,Granite Waste
28.11764706,62.5,Granite Waste
28.29411765,62.5,Granite Waste
28.47058824,62.5,Granite Waste
28.64705882,62.5,Granite Waste
28.82352941,125,Granite Waste
29,187.5,Granite Waste
29.17647059,125,Granite Waste
29.35294118,62.5,Granite Waste
29.52941176,0,Granite Waste
29.70588235,0,Granite Waste
29.88235294,62.5,Granite Waste
30.05882353,0,Granite Waste
30.23529412,31.25,Granite Waste
30.41176471,62.5,Granite Waste
30.58823529,62.5,Granite Waste
30.76470588,62.5,Granite Waste
30.94117647,62.5,Granite Waste
31.11764706,62.5,Granite Waste
31.29411765,62.5,Granite Waste
31.47058824,62.5,Granite Waste
31.64705882,125,Granite Waste
31.82352941,187.5,Granite Waste
32,62.5,Granite Waste
32.17647059,62.5,Granite Waste
32.35294118,0,Granite Waste
32.52941176,62.5,Granite Waste
32.70588235,62.5,Granite Waste
32.88235294,0,Granite Waste
33.05882353,31.25,Granite Waste
33.23529412,31.25,Granite Waste
33.41176471,31.25,Granite Waste
33.58823529,62.5,Granite Waste
33.76470588,62.5,Granite Waste
33.94117647,62.5,Granite Waste
34.11764706,125,Granite Waste
34.29411765,125,Granite Waste
34.47058824,125,Granite Waste
34.64705882,250,Granite Waste
34.82352941,250,Granite Waste
35,125,Granite Waste
35.17647059,62.5,Granite Waste
35.35294118,62.5,Granite Waste
35.52941176,0,Granite Waste
35.70588235,0,Granite Waste
35.88235294,62.5,Granite Waste
36.05882353,62.5,Granite Waste
36.23529412,0,Granite Waste
36.41176471,0,Granite Waste
36.58823529,62.5,Granite Waste
36.76470588,62.5,Granite Waste
36.94117647,0,Granite Waste
37.11764706,62.5,Granite Waste
37.29411765,62.5,Granite Waste
37.47058824,93.75,Granite Waste
37.64705882,187.5,Granite Waste
37.82352941,375,Granite Waste
38,187.5,Granite Waste
38.17647059,125,Granite Waste
38.35294118,62.5,Granite Waste
38.52941176,62.5,Granite Waste
38.70588235,62.5,Granite Waste
38.88235294,62.5,Granite Waste
39.05882353,62.5,Granite Waste
39.23529412,62.5,Granite Waste
39.41176471,62.5,Granite Waste
39.58823529,62.5,Granite Waste
39.76470588,62.5,Granite Waste
39.94117647,0,Granite Waste
40.11764706,0,Granite Waste
40.29411765,0,Granite Waste
40.47058824,0,Granite Waste
40.64705882,62.5,Granite Waste
40.82352941,0,Granite Waste
41,0,Granite Waste
41.17647059,62.5,Granite Waste
41.35294118,0,Granite Waste
41.52941176,62.5,Granite Waste
41.70588235,125,Granite Waste
41.88235294,375,Granite Waste
42.05882353,187.5,Granite Waste
42.23529412,125,Granite Waste
42.41176471,93.75,Granite Waste
42.58823529,31.25,Granite Waste
42.76470588,62.5,Granite Waste
42.94117647,62.5,Granite Waste
43.11764706,62.5,Granite Waste
43.29411765,125,Granite Waste
43.47058824,125,Granite Waste
43.64705882,62.5,Granite Waste
43.82352941,62.5,Granite Waste
44,62.5,Granite Waste
44.17647059,62.5,Granite Waste
44.35294118,62.5,Granite Waste
44.52941176,62.5,Granite Waste
44.70588235,62.5,Granite Waste
44.88235294,0,Granite Waste
45.05882353,0,Granite Waste
45.23529412,62.5,Granite Waste
45.41176471,0,Granite Waste
45.58823529,62.5,Granite Waste
45.76470588,62.5,Granite Waste
45.94117647,125,Granite Waste
46.11764706,62.5,Granite Waste
46.29411765,62.5,Granite Waste
46.47058824,0,Granite Waste
46.64705882,0,Granite Waste
46.82352941,0,Granite Waste
47,62.5,Granite Waste
47.17647059,62.5,Granite Waste
47.35294118,0,Granite Waste
47.52941176,0,Granite Waste
47.70588235,0,Granite Waste
47.88235294,62.5,Granite Waste
48.05882353,0,Granite Waste
48.23529412,0,Granite Waste
48.41176471,62.5,Granite Waste
48.58823529,62.5,Granite Waste
48.76470588,62.5,Granite Waste
48.94117647,0,Granite Waste
49.11764706,0,Granite Waste
49.29411765,62.5,Granite Waste
49.47058824,62.5,Granite Waste
49.64705882,0,Granite Waste
49.82352941,0,Granite Waste
50,62.5,Granite Waste
50.17647059,125,Granite Waste
50.35294118,187.5,Granite Waste
50.52941176,62.5,Granite Waste
50.70588235,0,Granite Waste
50.88235294,0,Granite Waste
51.05882353,0,Granite Waste
51.23529412,0,Granite Waste
51.41176471,0,Granite Waste
51.58823529,0,Granite Waste
51.76470588,0,Granite Waste
51.94117647,0,Granite Waste
52.11764706,0,Granite Waste
52.29411765,0,Granite Waste
52.47058824,0,Granite Waste
52.64705882,0,Granite Waste
52.82352941,0,Granite Waste
53,0,Granite Waste
53.17647059,31.25,Granite Waste
53.35294118,93.75,Granite Waste
53.52941176,93.75,Granite Waste
53.70588235,31.25,Granite Waste
53.88235294,62.5,Granite Waste
54.05882353,62.5,Granite Waste
54.23529412,62.5,Granite Waste
54.41176471,62.5,Granite Waste
54.58823529,62.5,Granite Waste
54.76470588,62.5,Granite Waste
54.94117647,62.5,Granite Waste
55.11764706,125,Granite Waste
55.29411765,125,Granite Waste
55.47058824,62.5,Granite Waste
55.64705882,0,Granite Waste
55.82352941,0,Granite Waste
56,62.5,Granite Waste
56.17647059,62.5,Granite Waste
56.35294118,62.5,Granite Waste
56.52941176,0,Granite Waste
56.70588235,0,Granite Waste
56.88235294,0,Granite Waste
57.05882353,62.5,Granite Waste
57.23529412,0,Granite Waste
57.41176471,0,Granite Waste
57.58823529,0,Granite Waste
57.76470588,62.5,Granite Waste
57.94117647,62.5,Granite Waste
58.11764706,62.5,Granite Waste
58.29411765,62.5,Granite Waste
58.47058824,125,Granite Waste
58.64705882,250,Granite Waste
58.82352941,62.5,Granite Waste
59,0,Granite Waste
59.17647059,0,Granite Waste
59.35294118,0,Granite Waste
59.52941176,0,Granite Waste
59.70588235,0,Granite Waste
59.88235294,0,Granite Waste
60.05882353,0,Granite Waste
60.23529412,0,Granite Waste
60.41176471,62.5,Granite Waste
60.58823529,125,Granite Waste
60.76470588,62.5,Granite Waste
60.94117647,0,Granite Waste
61.11764706,0,Granite Waste
61.29411765,0,Granite Waste
61.47058824,31.25,Granite Waste
61.64705882,62.5,Granite Waste
61.82352941,62.5,Granite Waste
62,62.5,Granite Waste
62.17647059,62.5,Granite Waste
62.35294118,62.5,Granite Waste
62.52941176,62.5,Granite Waste
62.70588235,62.5,Granite Waste
62.88235294,62.5,Granite Waste
63.05882353,62.5,Granite Waste
63.23529412,0,Granite Waste
63.41176471,62.5,Granite Waste
63.58823529,62.5,Granite Waste
63.76470588,62.5,Granite Waste
63.94117647,62.5,Granite Waste
64.11764706,0,Granite Waste
64.29411765,0,Granite Waste
64.47058824,62.5,Granite Waste
64.64705882,62.5,Granite Waste
64.82352941,0,Granite Waste
65,0,Granite Waste
65.17647059,0,Granite Waste
65.35294118,0,Granite Waste
65.52941176,62.5,Granite Waste
65.70588235,0,Granite Waste
65.88235294,62.5,Granite Waste
66.05882353,0,Granite Waste
66.23529412,0,Granite Waste
66.41176471,0,Granite Waste
66.58823529,0,Granite Waste
66.76470588,0,Granite Waste
66.94117647,0,Granite Waste
67.11764706,0,Granite Waste
67.29411765,0,Granite Waste
67.47058824,0,Granite Waste
67.64705882,0,Granite Waste
67.82352941,62.5,Granite Waste
68,62.5,Granite Waste
68.17647059,62.5,Granite Waste
68.35294118,0,Granite Waste
68.52941176,0,Granite Waste
68.70588235,0,Granite Waste
68.88235294,0,Granite Waste
69.05882353,31.25,Granite Waste
69.23529412,62.5,Granite Waste
69.41176471,62.5,Granite Waste
69.58823529,62.5,Granite Waste
69.76470588,62.5,Granite Waste
69.94117647,62.5,Granite Waste
70.11764706,62.5,Granite Waste
70.29411765,62.5,Granite Waste
70.47058824,62.5,Granite Waste
70.64705882,62.5,Granite Waste
70.82352941,62.5,Granite Waste
71,62.5,Granite Waste
71.17647059,62.5,Granite Waste
71.35294118,62.5,Granite Waste
71.52941176,0,Granite Waste
71.70588235,0,Granite Waste
71.88235294,0,Granite Waste
72.05882353,0,Granite Waste
72.23529412,0,Granite Waste
72.41176471,0,Granite Waste
72.58823529,0,Granite Waste
72.76470588,0,Granite Waste
72.94117647,0,Granite Waste
73.11764706,0,Granite Waste
73.29411765,0,Granite Waste
73.47058824,0,Granite Waste
73.64705882,0,Granite Waste
73.82352941,0,Granite Waste
74,0,Granite Waste
74.17647059,0,Granite Waste
74.35294118,0,Granite Waste
74.52941176,0,Granite Waste
74.70588235,0,Granite Waste
74.88235294,0,Granite Waste
75.05882353,0,Granite Waste
75.23529412,0,Granite Waste
75.41176471,0,Granite Waste
75.58823529,0,Granite Waste
75.76470588,0,Granite Waste
75.94117647,0,Granite Waste
76.11764706,0,Granite Waste
76.29411765,0,Granite Waste
76.47058824,0,Granite Waste
76.64705882,0,Granite Waste
76.82352941,0,Granite Waste
77,0,Granite Waste
77.17647059,0,Granite Waste
77.35294118,0,Granite Waste
77.52941176,0,Granite Waste
77.70588235,0,Granite Waste
77.88235294,0,Granite Waste
78.05882353,0,Granite Waste
78.23529412,0,Granite Waste
78.41176471,0,Granite Waste
78.58823529,0,Granite Waste
78.76470588,0,Granite Waste
78.94117647,0,Granite Waste
79.11764706,0,Granite Waste
79.29411765,0,Granite Waste
79.47058824,0,Granite Waste
79.64705882,0,Granite Waste
79.82352941,0,Granite Waste
80,0,Granite Waste
80.17647059,0,Granite Waste
80.35294118,0,Granite Waste
80.52941176,0,Granite Waste
80.70588235,0,Granite Waste
16.47058824,50,Metakaolin
16.64705882,50,Metakaolin
16.82352941,50,Metakaolin
17,50,Metakaolin
17.17647059,50,Metakaolin
17.35294118,50,Metakaolin
17.52941176,0,Metakaolin
17.70588235,0,Metakaolin
17.88235294,0,Metakaolin
18.05882353,50,Metakaolin
18.23529412,50,Metakaolin
18.41176471,50,Metakaolin
18.58823529,50,Metakaolin
18.76470588,50,Metakaolin
18.94117647,50,Metakaolin
19.11764706,50,Metakaolin
19.29411765,50,Metakaolin
19.47058824,50,Metakaolin
19.64705882,50,Metakaolin
19.82352941,50,Metakaolin
20,50,Metakaolin
20.17647059,100,Metakaolin
20.35294118,75,Metakaolin
20.52941176,50,Metakaolin
20.70588235,100,Metakaolin
20.88235294,50,Metakaolin
21.05882353,100,Metakaolin
21.23529412,100,Metakaolin
21.41176471,150,Metakaolin
21.58823529,150,Metakaolin
21.76470588,150,Metakaolin
21.94117647,150,Metakaolin
22.11764706,150,Metakaolin
22.29411765,200,Metakaolin
22.47058824,175,Metakaolin
22.64705882,150,Metakaolin
22.82352941,200,Metakaolin
23,200,Metakaolin
23.17647059,225,Metakaolin
23.35294118,200,Metakaolin
23.52941176,200,Metakaolin
23.70588235,175,Metakaolin
23.88235294,150,Metakaolin
24.05882353,200,Metakaolin
24.23529412,250,Metakaolin
24.41176471,300,Metakaolin
24.58823529,275,Metakaolin
24.76470588,200,Metakaolin
24.94117647,250,Metakaolin
25.11764706,225,Metakaolin
25.29411765,250,Metakaolin
25.47058824,275,Metakaolin
25.64705882,300,Metakaolin
25.82352941,300,Metakaolin
26,350,Metakaolin
26.17647059,400,Metakaolin
26.35294118,525,Metakaolin
26.52941176,675,Metakaolin
26.70588235,725,Metakaolin
26.88235294,925,Metakaolin
27.05882353,1000,Metakaolin
27.23529412,850,Metakaolin
27.41176471,775,Metakaolin
27.58823529,650,Metakaolin
27.76470588,550,Metakaolin
27.94117647,475,Metakaolin
28.11764706,400,Metakaolin
28.29411765,300,Metakaolin
28.47058824,300,Metakaolin
28.64705882,325,Metakaolin
28.82352941,300,Metakaolin
29,250,Metakaolin
29.17647059,200,Metakaolin
29.35294118,150,Metakaolin
29.52941176,150,Metakaolin
29.70588235,150,Metakaolin
29.88235294,100,Metakaolin
30.05882353,100,Metakaolin
30.23529412,100,Metakaolin
30.41176471,75,Metakaolin
30.58823529,75,Metakaolin
30.76470588,75,Metakaolin
30.94117647,75,Metakaolin
31.11764706,25,Metakaolin
31.29411765,25,Metakaolin
31.47058824,25,Metakaolin
31.64705882,50,Metakaolin
31.82352941,50,Metakaolin
32,50,Metakaolin
32.17647059,50,Metakaolin
32.35294118,50,Metakaolin
32.52941176,75,Metakaolin
32.70588235,75,Metakaolin
32.88235294,25,Metakaolin
33.05882353,25,Metakaolin
33.23529412,75,Metakaolin
33.41176471,100,Metakaolin
33.58823529,100,Metakaolin
33.76470588,100,Metakaolin
33.94117647,100,Metakaolin
34.11764706,100,Metakaolin
34.29411765,50,Metakaolin
34.47058824,50,Metakaolin
34.64705882,50,Metakaolin
34.82352941,50,Metakaolin
35,0,Metakaolin
35.17647059,25,Metakaolin
35.35294118,100,Metakaolin
35.52941176,100,Metakaolin
35.70588235,100,Metakaolin
35.88235294,100,Metakaolin
36.05882353,50,Metakaolin
36.23529412,50,Metakaolin
36.41176471,50,Metakaolin
36.58823529,50,Metakaolin
36.76470588,50,Metakaolin
36.94117647,50,Metakaolin
37.11764706,0,Metakaolin
37.29411765,50,Metakaolin
37.47058824,50,Metakaolin
37.64705882,50,Metakaolin
37.82352941,0,Metakaolin
38,0,Metakaolin
38.17647059,75,Metakaolin
38.35294118,50,Metakaolin
38.52941176,50,Metakaolin
38.70588235,50,Metakaolin
38.88235294,50,Metakaolin
39.05882353,50,Metakaolin
39.23529412,50,Metakaolin
39.41176471,50,Metakaolin
39.58823529,50,Metakaolin
39.76470588,50,Metakaolin
39.94117647,50,Metakaolin
40.11764706,50,Metakaolin
40.29411765,0,Metakaolin
40.47058824,50,Metakaolin
40.64705882,50,Metakaolin
40.82352941,0,Metakaolin
41,0,Metakaolin
41.17647059,50,Metakaolin
41.35294118,50,Metakaolin
41.52941176,0,Metakaolin
41.70588235,0,Metakaolin
41.88235294,25,Metakaolin
42.05882353,100,Metakaolin
42.23529412,100,Metakaolin
42.41176471,100,Metakaolin
42.58823529,100,Metakaolin
42.76470588,50,Metakaolin
42.94117647,50,Metakaolin
43.11764706,50,Metakaolin
43.29411765,50,Metakaolin
43.47058824,50,Metakaolin
43.64705882,50,Metakaolin
43.82352941,50,Metakaolin
44,50,Metakaolin
44.17647059,50,Metakaolin
44.35294118,0,Metakaolin
44.52941176,0,Metakaolin
44.70588235,0,Metakaolin
44.88235294,0,Metakaolin
45.05882353,50,Metakaolin
45.23529412,50,Metakaolin
45.41176471,0,Metakaolin
45.58823529,0,Metakaolin
45.76470588,50,Metakaolin
45.94117647,50,Metakaolin
46.11764706,0,Metakaolin
46.29411765,0,Metakaolin
46.47058824,0,Metakaolin
46.64705882,0,Metakaolin
46.82352941,0,Metakaolin
47,0,Metakaolin
47.17647059,0,Metakaolin
47.35294118,25,Metakaolin
47.52941176,50,Metakaolin
47.70588235,50,Metakaolin
47.88235294,50,Metakaolin
48.05882353,50,Metakaolin
48.23529412,50,Metakaolin
48.41176471,50,Metakaolin
48.58823529,50,Metakaolin
48.76470588,50,Metakaolin
48.94117647,0,Metakaolin
49.11764706,50,Metakaolin
49.29411765,50,Metakaolin
49.47058824,50,Metakaolin
49.64705882,50,Metakaolin
49.82352941,50,Metakaolin
50,0,Metakaolin
50.17647059,0,Metakaolin
50.35294118,50,Metakaolin
50.52941176,25,Metakaolin
50.70588235,25,Metakaolin
50.88235294,25,Metakaolin
51.05882353,50,Metakaolin
51.23529412,100,Metakaolin
51.41176471,50,Metakaolin
51.58823529,50,Metakaolin
51.76470588,50,Metakaolin
51.94117647,50,Metakaolin
52.11764706,50,Metakaolin
52.29411765,50,Metakaolin
52.47058824,50,Metakaolin
52.64705882,50,Metakaolin
52.82352941,0,Metakaolin
53,50,Metakaolin
53.17647059,0,Metakaolin
53.35294118,50,Metakaolin
53.52941176,50,Metakaolin
53.70588235,0,Metakaolin
53.88235294,0,Metakaolin
54.05882353,0,Metakaolin
54.23529412,50,Metakaolin
54.41176471,50,Metakaolin
54.58823529,50,Metakaolin
54.76470588,0,Metakaolin
54.94117647,0,Metakaolin
55.11764706,0,Metakaolin
55.29411765,0,Metakaolin
55.47058824,0,Metakaolin
55.64705882,0,Metakaolin
55.82352941,0,Metakaolin
56,0,Metakaolin
56.17647059,0,Metakaolin
56.35294118,0,Metakaolin
56.52941176,0,Metakaolin
56.70588235,0,Metakaolin
56.88235294,25,Metakaolin
57.05882353,50,Metakaolin
57.23529412,50,Metakaolin
57.41176471,50,Metakaolin
57.58823529,50,Metakaolin
57.76470588,50,Metakaolin
57.94117647,50,Metakaolin
58.11764706,50,Metakaolin
58.29411765,50,Metakaolin
58.47058824,50,Metakaolin
58.64705882,50,Metakaolin
58.82352941,0,Metakaolin
59,50,Metakaolin
59.17647059,50,Metakaolin
59.35294118,50,Metakaolin
59.52941176,0,Metakaolin
59.70588235,0,Metakaolin
59.88235294,0,Metakaolin
60.05882353,0,Metakaolin
60.23529412,50,Metakaolin
60.41176471,50,Metakaolin
60.58823529,0,Metakaolin
60.76470588,0,Metakaolin
60.94117647,0,Metakaolin
61.11764706,25,Metakaolin
61.29411765,50,Metakaolin
61.47058824,50,Metakaolin
61.64705882,50,Metakaolin
61.82352941,50,Metakaolin
62,50,Metakaolin
62.17647059,50,Metakaolin
62.35294118,50,Metakaolin
62.52941176,50,Metakaolin
62.70588235,50,Metakaolin
62.88235294,50,Metakaolin
63.05882353,50,Metakaolin
63.23529412,50,Metakaolin
63.41176471,50,Metakaolin
63.58823529,0,Metakaolin
63.76470588,0,Metakaolin
63.94117647,0,Metakaolin
64.11764706,0,Metakaolin
64.29411765,50,Metakaolin
64.47058824,0,Metakaolin
64.64705882,50,Metakaolin
64.82352941,50,Metakaolin
65,50,Metakaolin
65.17647059,0,Metakaolin
65.35294118,0,Metakaolin
65.52941176,0,Metakaolin
65.70588235,0,Metakaolin
65.88235294,0,Metakaolin
66.05882353,0,Metakaolin
66.23529412,0,Metakaolin
66.41176471,0,Metakaolin
66.58823529,0,Metakaolin
66.76470588,0,Metakaolin
66.94117647,0,Metakaolin
67.11764706,0,Metakaolin
67.29411765,0,Metakaolin
67.47058824,0,Metakaolin
67.64705882,0,Metakaolin
67.82352941,0,Metakaolin
68,0,Metakaolin
68.17647059,0,Metakaolin
68.35294118,0,Metakaolin
68.52941176,25,Metakaolin
68.70588235,25,Metakaolin
68.88235294,50,Metakaolin
69.05882353,50,Metakaolin
69.23529412,50,Metakaolin
69.41176471,50,Metakaolin
69.58823529,50,Metakaolin
69.76470588,50,Metakaolin
69.94117647,50,Metakaolin
70.11764706,50,Metakaolin
70.29411765,50,Metakaolin
70.47058824,50,Metakaolin
70.64705882,50,Metakaolin
70.82352941,50,Metakaolin
71,0,Metakaolin
71.17647059,0,Metakaolin
71.35294118,50,Metakaolin
71.52941176,0,Metakaolin
71.70588235,0,Metakaolin
71.88235294,0,Metakaolin
72.05882353,0,Metakaolin
72.23529412,0,Metakaolin
72.41176471,0,Metakaolin
72.58823529,0,Metakaolin
72.76470588,0,Metakaolin
72.94117647,0,Metakaolin
73.11764706,0,Metakaolin
73.29411765,0,Metakaolin
73.47058824,0,Metakaolin
73.64705882,0,Metakaolin
73.82352941,25,Metakaolin
74,50,Metakaolin
74.17647059,50,Metakaolin
74.35294118,50,Metakaolin
74.52941176,50,Metakaolin
74.70588235,0,Metakaolin
74.88235294,50,Metakaolin
75.05882353,50,Metakaolin
75.23529412,50,Metakaolin
75.41176471,50,Metakaolin
75.58823529,50,Metakaolin
75.76470588,50,Metakaolin
75.94117647,50,Metakaolin
76.11764706,50,Metakaolin
76.29411765,50,Metakaolin
76.47058824,0,Metakaolin
76.64705882,0,Metakaolin
76.82352941,0,Metakaolin
77,0,Metakaolin
77.17647059,50,Metakaolin
77.35294118,0,Metakaolin
77.52941176,50,Metakaolin
77.70588235,50,Metakaolin
77.88235294,0,Metakaolin
78.05882353,0,Metakaolin
78.23529412,0,Metakaolin
78.41176471,50,Metakaolin
78.58823529,0,Metakaolin
78.76470588,0,Metakaolin
78.94117647,0,Metakaolin
79.11764706,0,Metakaolin
79.29411765,0,Metakaolin
79.47058824,0,Metakaolin
79.64705882,0,Metakaolin
79.82352941,0,Metakaolin
80,0,Metakaolin
80.17647059,0,Metakaolin
80.35294118,0,Metakaolin
80.52941176,0,Metakaolin
80.70588235,0,Metakaolin
